customerId,firstname,lastname,email,city,state,country,zipcode
1,Riya,Reddy,riya.reddy1@example.com,Mumbai,MH,India,656538
2,Aarav,Gupta,aarav.gupta2@example.com,Mumbai,WB,India,772787
3,Arjun,Singh,arjun.singh3@example.com,Delhi,WB,India,058510
4,Ishita,Gupta,ishita.gupta4@example.com,Kolkata,DL,India,281667
5,Vihaan,Sharma,vihaan.sharma5@example.com,Hyderabad,GJ,India,420919
6,Vihaan,Mehta,vihaan.mehta6@example.com,Bengaluru,MH,India,487422
7,Ananya,Gupta,ananya.gupta7@example.com,Ahmedabad,KA,India,735702
8,Riya,Verma,riya.verma8@example.com,Delhi,KA,India,299323
9,Ishita,Gupta,ishita.gupta9@example.com,Bengaluru,MH,India,511824
10,Aditya,Reddy,aditya.reddy10@example.com,Pune,GJ,India,056992
11,Ishita,Verma,ishita.verma11@example.com,Chennai,KA,India,646008
12,Aarav,Singh,aarav.singh12@example.com,Hyderabad,TS,India,145464
13,Ishita,Patel,ishita.patel13@example.com,Mumbai,MH,India,492550
14,Arjun,Mehta,arjun.mehta14@example.com,Delhi,GJ,India,043476
15,Vihaan,Das,vihaan.das15@example.com,Ahmedabad,DL,India,835512
16,Aditya,Gupta,aditya.gupta16@example.com,Kolkata,GJ,India,018343
17,Aarav,Mehta,aarav.mehta17@example.com,Ahmedabad,DL,India,084527
18,Sai,Das,sai.das18@example.com,Bengaluru,KA,India,006446
19,Aarav,Das,aarav.das19@example.com,Delhi,WB,India,984330
20,Aditya,Reddy,aditya.reddy20@example.com,Pune,GJ,India,726407
21,Ananya,Iyer,ananya.iyer21@example.com,Kolkata,MH,India,380501
22,Ishita,Das,ishita.das22@example.com,Bengaluru,TN,India,885809
23,Ananya,Gupta,ananya.gupta23@example.com,Mumbai,GJ,India,436831
24,Ananya,Reddy,ananya.reddy24@example.com,Ahmedabad,MH,India,948806
25,Ishita,Patel,ishita.patel25@example.com,Kolkata,GJ,India,502496
26,Ishita,Singh,ishita.singh26@example.com,Chennai,MH,India,177542
27,Sai,Das,sai.das27@example.com,Kolkata,KA,India,161659
28,Aarav,Verma,aarav.verma28@example.com,Kolkata,KA,India,256739
29,Ananya,Gupta,ananya.gupta29@example.com,Kolkata,TN,India,505076
30,Diya,Gupta,diya.gupta30@example.com,Pune,TN,India,091256
31,Diya,Das,diya.das31@example.com,Bengaluru,GJ,India,949430
32,Ananya,Reddy,ananya.reddy32@example.com,Pune,TN,India,487399
33,Vivaan,Reddy,vivaan.reddy33@example.com,Chennai,TN,India,060062
34,Ananya,Khan,ananya.khan34@example.com,Ahmedabad,DL,India,049558
35,Diya,Reddy,diya.reddy35@example.com,Delhi,MH,India,677548
36,Ishita,Gupta,ishita.gupta36@example.com,Bengaluru,TN,India,886884
37,Vihaan,Khan,vihaan.khan37@example.com,Bengaluru,MH,India,184000
38,Aarav,Mehta,aarav.mehta38@example.com,Ahmedabad,GJ,India,629696
39,Vivaan,Singh,vivaan.singh39@example.com,Pune,TS,India,964827
40,Vihaan,Iyer,vihaan.iyer40@example.com,Pune,TN,India,377204
41,Aarav,Verma,aarav.verma41@example.com,Pune,KA,India,967024
42,Sai,Reddy,sai.reddy42@example.com,Ahmedabad,GJ,India,568727
43,Vivaan,Singh,vivaan.singh43@example.com,Chennai,WB,India,005176
44,Vivaan,Gupta,vivaan.gupta44@example.com,Bengaluru,GJ,India,088000
45,Aditya,Gupta,aditya.gupta45@example.com,Hyderabad,WB,India,241517
46,Arjun,Mehta,arjun.mehta46@example.com,Hyderabad,WB,India,591342
47,Aditya,Iyer,aditya.iyer47@example.com,Bengaluru,DL,India,061237
48,Diya,Iyer,diya.iyer48@example.com,Pune,TN,India,004310
49,Vivaan,Verma,vivaan.verma49@example.com,Hyderabad,MH,India,652407
50,Sai,Iyer,sai.iyer50@example.com,Mumbai,DL,India,466068
51,Sai,Sharma,sai.sharma51@example.com,Pune,TN,India,616682
52,Arjun,Patel,arjun.patel52@example.com,Ahmedabad,MH,India,167455
53,Sai,Mehta,sai.mehta53@example.com,Hyderabad,DL,India,482736
54,Riya,Reddy,riya.reddy54@example.com,Chennai,KA,India,004332
55,Sai,Khan,sai.khan55@example.com,Ahmedabad,KA,India,205088
56,Vivaan,Mehta,vivaan.mehta56@example.com,Bengaluru,GJ,India,695401
57,Sai,Das,sai.das57@example.com,Bengaluru,DL,India,886676
58,Vihaan,Gupta,vihaan.gupta58@example.com,Delhi,GJ,India,956581
59,Diya,Iyer,diya.iyer59@example.com,Delhi,DL,India,939233
60,Aditya,Iyer,aditya.iyer60@example.com,Delhi,MH,India,402795
61,Riya,Gupta,riya.gupta61@example.com,Bengaluru,TS,India,191992
62,Arjun,Singh,arjun.singh62@example.com,Pune,TS,India,446689
63,Diya,Sharma,diya.sharma63@example.com,Bengaluru,KA,India,822650
64,Ishita,Khan,ishita.khan64@example.com,Chennai,MH,India,223203
65,Sai,Khan,sai.khan65@example.com,Hyderabad,TN,India,597179
66,Vihaan,Singh,vihaan.singh66@example.com,Delhi,MH,India,824791
67,Ishita,Verma,ishita.verma67@example.com,Delhi,KA,India,869920
68,Vivaan,Verma,vivaan.verma68@example.com,Delhi,TN,India,228653
69,Riya,Reddy,riya.reddy69@example.com,Chennai,GJ,India,937193
70,Vivaan,Iyer,vivaan.iyer70@example.com,Ahmedabad,WB,India,989116
71,Vihaan,Mehta,vihaan.mehta71@example.com,Chennai,GJ,India,233347
72,Arjun,Khan,arjun.khan72@example.com,Ahmedabad,DL,India,085827
73,Aarav,Verma,aarav.verma73@example.com,Chennai,MH,India,858155
74,Vivaan,Singh,vivaan.singh74@example.com,Bengaluru,WB,India,984206
75,Ishita,Sharma,ishita.sharma75@example.com,Pune,TN,India,064083
76,Sai,Iyer,sai.iyer76@example.com,Ahmedabad,WB,India,094369
77,Aarav,Gupta,aarav.gupta77@example.com,Hyderabad,TS,India,398708
78,Vihaan,Das,vihaan.das78@example.com,Hyderabad,DL,India,400180
79,Ananya,Verma,ananya.verma79@example.com,Bengaluru,KA,India,201660
80,Ananya,Gupta,ananya.gupta80@example.com,Hyderabad,MH,India,912697
81,Vivaan,Sharma,vivaan.sharma81@example.com,Chennai,DL,India,652377
82,Ananya,Gupta,ananya.gupta82@example.com,Bengaluru,TS,India,606575
83,Ishita,Patel,ishita.patel83@example.com,Hyderabad,MH,India,114832
84,Sai,Gupta,sai.gupta84@example.com,Delhi,MH,India,595170
85,Riya,Khan,riya.khan85@example.com,Delhi,GJ,India,866848
86,Ishita,Khan,ishita.khan86@example.com,Kolkata,TN,India,628658
87,Ishita,Patel,ishita.patel87@example.com,Bengaluru,TS,India,639723
88,Sai,Patel,sai.patel88@example.com,Bengaluru,WB,India,848876
89,Vihaan,Iyer,vihaan.iyer89@example.com,Chennai,TN,India,163579
90,Aarav,Mehta,aarav.mehta90@example.com,Chennai,GJ,India,826578
91,Aditya,Das,aditya.das91@example.com,Bengaluru,GJ,India,996801
92,Ananya,Mehta,ananya.mehta92@example.com,Kolkata,MH,India,789593
93,Vihaan,Mehta,vihaan.mehta93@example.com,Kolkata,MH,India,610437
94,Diya,Sharma,diya.sharma94@example.com,Ahmedabad,TS,India,920446
95,Vivaan,Sharma,vivaan.sharma95@example.com,Pune,MH,India,153043
96,Ishita,Verma,ishita.verma96@example.com,Bengaluru,TS,India,660365
97,Diya,Mehta,diya.mehta97@example.com,Kolkata,MH,India,232475
98,Vivaan,Khan,vivaan.khan98@example.com,Pune,MH,India,186289
99,Ishita,Verma,ishita.verma99@example.com,Ahmedabad,MH,India,683799
100,Riya,Das,riya.das100@example.com,Kolkata,DL,India,977428
101,Vivaan,Gupta,vivaan.gupta101@example.com,Ahmedabad,KA,India,224161
102,Arjun,Das,arjun.das102@example.com,Kolkata,MH,India,225365
103,Aarav,Mehta,aarav.mehta103@example.com,Chennai,KA,India,227302
104,Diya,Reddy,diya.reddy104@example.com,Ahmedabad,MH,India,000965
105,Sai,Iyer,sai.iyer105@example.com,Pune,GJ,India,323438
106,Riya,Gupta,riya.gupta106@example.com,Hyderabad,TN,India,615246
107,Riya,Sharma,riya.sharma107@example.com,Delhi,DL,India,261341
108,Vivaan,Patel,vivaan.patel108@example.com,Chennai,MH,India,877021
109,Sai,Gupta,sai.gupta109@example.com,Kolkata,MH,India,894617
110,Diya,Iyer,diya.iyer110@example.com,Mumbai,DL,India,464929
111,Diya,Reddy,diya.reddy111@example.com,Kolkata,TN,India,351429
112,Vivaan,Singh,vivaan.singh112@example.com,Ahmedabad,MH,India,744579
113,Arjun,Sharma,arjun.sharma113@example.com,Delhi,WB,India,073208
114,Sai,Gupta,sai.gupta114@example.com,Delhi,WB,India,578559
115,Riya,Khan,riya.khan115@example.com,Kolkata,GJ,India,221476
116,Ananya,Khan,ananya.khan116@example.com,Ahmedabad,MH,India,028088
117,Ananya,Mehta,ananya.mehta117@example.com,Chennai,TS,India,063884
118,Ishita,Verma,ishita.verma118@example.com,Ahmedabad,MH,India,923462
119,Ananya,Verma,ananya.verma119@example.com,Kolkata,WB,India,171709
120,Riya,Khan,riya.khan120@example.com,Pune,TN,India,294035
121,Ishita,Singh,ishita.singh121@example.com,Ahmedabad,WB,India,135949
122,Arjun,Mehta,arjun.mehta122@example.com,Hyderabad,TN,India,938844
123,Arjun,Das,arjun.das123@example.com,Kolkata,TS,India,161413
124,Arjun,Verma,arjun.verma124@example.com,Ahmedabad,MH,India,610651
125,Arjun,Khan,arjun.khan125@example.com,Kolkata,MH,India,960906
126,Riya,Iyer,riya.iyer126@example.com,Bengaluru,MH,India,889633
127,Aditya,Sharma,aditya.sharma127@example.com,Delhi,WB,India,545078
128,Sai,Khan,sai.khan128@example.com,Bengaluru,WB,India,539715
129,Vihaan,Khan,vihaan.khan129@example.com,Delhi,GJ,India,407933
130,Aarav,Das,aarav.das130@example.com,Kolkata,MH,India,153504
131,Vivaan,Das,vivaan.das131@example.com,Pune,DL,India,249001
132,Aarav,Reddy,aarav.reddy132@example.com,Pune,TS,India,549499
133,Aditya,Das,aditya.das133@example.com,Mumbai,KA,India,038991
134,Arjun,Iyer,arjun.iyer134@example.com,Kolkata,MH,India,895646
135,Arjun,Mehta,arjun.mehta135@example.com,Pune,DL,India,743192
136,Ishita,Mehta,ishita.mehta136@example.com,Kolkata,MH,India,227662
137,Diya,Das,diya.das137@example.com,Mumbai,WB,India,114361
138,Ananya,Reddy,ananya.reddy138@example.com,Hyderabad,MH,India,337912
139,Arjun,Iyer,arjun.iyer139@example.com,Pune,DL,India,341989
140,Aditya,Mehta,aditya.mehta140@example.com,Pune,WB,India,467073
141,Arjun,Verma,arjun.verma141@example.com,Bengaluru,MH,India,929848
142,Ishita,Sharma,ishita.sharma142@example.com,Kolkata,WB,India,577405
143,Arjun,Iyer,arjun.iyer143@example.com,Ahmedabad,MH,India,976220
144,Riya,Patel,riya.patel144@example.com,Ahmedabad,TN,India,706757
145,Vivaan,Mehta,vivaan.mehta145@example.com,Delhi,TS,India,876067
146,Ishita,Das,ishita.das146@example.com,Ahmedabad,MH,India,762058
147,Riya,Iyer,riya.iyer147@example.com,Ahmedabad,TN,India,819173
148,Ananya,Reddy,ananya.reddy148@example.com,Delhi,MH,India,004889
149,Aarav,Sharma,aarav.sharma149@example.com,Pune,GJ,India,254682
150,Vivaan,Das,vivaan.das150@example.com,Delhi,GJ,India,232707
151,Aarav,Patel,aarav.patel151@example.com,Mumbai,KA,India,008143
152,Diya,Iyer,diya.iyer152@example.com,Kolkata,DL,India,794241
153,Vivaan,Patel,vivaan.patel153@example.com,Kolkata,MH,India,782788
154,Vivaan,Gupta,vivaan.gupta154@example.com,Bengaluru,KA,India,553129
155,Vivaan,Reddy,vivaan.reddy155@example.com,Ahmedabad,MH,India,867611
156,Arjun,Sharma,arjun.sharma156@example.com,Mumbai,TS,India,415405
157,Ishita,Reddy,ishita.reddy157@example.com,Bengaluru,KA,India,778047
158,Aarav,Khan,aarav.khan158@example.com,Hyderabad,MH,India,798410
159,Riya,Das,riya.das159@example.com,Ahmedabad,MH,India,211824
160,Sai,Iyer,sai.iyer160@example.com,Chennai,WB,India,171096
161,Riya,Sharma,riya.sharma161@example.com,Bengaluru,MH,India,645965
162,Arjun,Gupta,arjun.gupta162@example.com,Hyderabad,KA,India,653332
163,Diya,Singh,diya.singh163@example.com,Kolkata,MH,India,457066
164,Arjun,Gupta,arjun.gupta164@example.com,Hyderabad,KA,India,704093
165,Vihaan,Das,vihaan.das165@example.com,Kolkata,DL,India,970988
166,Aditya,Mehta,aditya.mehta166@example.com,Ahmedabad,DL,India,025223
167,Diya,Mehta,diya.mehta167@example.com,Delhi,DL,India,865491
168,Riya,Mehta,riya.mehta168@example.com,Pune,WB,India,782183
169,Riya,Reddy,riya.reddy169@example.com,Bengaluru,GJ,India,227525
170,Riya,Khan,riya.khan170@example.com,Pune,TN,India,561249
171,Aditya,Reddy,aditya.reddy171@example.com,Hyderabad,WB,India,594067
172,Vivaan,Iyer,vivaan.iyer172@example.com,Hyderabad,DL,India,490611
173,Ananya,Mehta,ananya.mehta173@example.com,Bengaluru,TN,India,477848
174,Aarav,Sharma,aarav.sharma174@example.com,Pune,GJ,India,113376
175,Aditya,Khan,aditya.khan175@example.com,Hyderabad,KA,India,943608
176,Aditya,Mehta,aditya.mehta176@example.com,Bengaluru,DL,India,973127
177,Ishita,Das,ishita.das177@example.com,Hyderabad,MH,India,888006
178,Ishita,Patel,ishita.patel178@example.com,Pune,GJ,India,673756
179,Sai,Iyer,sai.iyer179@example.com,Bengaluru,TS,India,619980
180,Vihaan,Verma,vihaan.verma180@example.com,Ahmedabad,DL,India,358835
181,Sai,Mehta,sai.mehta181@example.com,Delhi,GJ,India,012488
182,Ananya,Mehta,ananya.mehta182@example.com,Delhi,TN,India,417337
183,Sai,Khan,sai.khan183@example.com,Hyderabad,TN,India,486582
184,Aditya,Iyer,aditya.iyer184@example.com,Mumbai,TN,India,241381
185,Riya,Sharma,riya.sharma185@example.com,Pune,GJ,India,466392
186,Aditya,Iyer,aditya.iyer186@example.com,Mumbai,GJ,India,255233
187,Aarav,Mehta,aarav.mehta187@example.com,Chennai,TS,India,069946
188,Sai,Verma,sai.verma188@example.com,Hyderabad,GJ,India,569375
189,Ananya,Mehta,ananya.mehta189@example.com,Mumbai,TN,India,969929
190,Vihaan,Singh,vihaan.singh190@example.com,Pune,GJ,India,533455
191,Vivaan,Mehta,vivaan.mehta191@example.com,Ahmedabad,TN,India,140848
192,Vivaan,Mehta,vivaan.mehta192@example.com,Hyderabad,TS,India,389634
193,Diya,Sharma,diya.sharma193@example.com,Kolkata,TN,India,636320
194,Sai,Mehta,sai.mehta194@example.com,Pune,GJ,India,493251
195,Aditya,Khan,aditya.khan195@example.com,Kolkata,TS,India,991422
196,Aditya,Iyer,aditya.iyer196@example.com,Pune,TN,India,756470
197,Ananya,Sharma,ananya.sharma197@example.com,Chennai,TS,India,844577
198,Aarav,Reddy,aarav.reddy198@example.com,Bengaluru,WB,India,096212
199,Vihaan,Das,vihaan.das199@example.com,Bengaluru,MH,India,010439
200,Arjun,Verma,arjun.verma200@example.com,Bengaluru,TS,India,868461
201,Sai,Patel,sai.patel201@example.com,Hyderabad,GJ,India,118706
202,Vivaan,Singh,vivaan.singh202@example.com,Chennai,WB,India,936205
203,Aarav,Singh,aarav.singh203@example.com,Delhi,GJ,India,175307
204,Aarav,Iyer,aarav.iyer204@example.com,Ahmedabad,TN,India,440912
205,Ananya,Gupta,ananya.gupta205@example.com,Pune,MH,India,422743
206,Sai,Reddy,sai.reddy206@example.com,Mumbai,DL,India,560273
207,Riya,Mehta,riya.mehta207@example.com,Delhi,GJ,India,220507
208,Arjun,Singh,arjun.singh208@example.com,Ahmedabad,KA,India,767445
209,Aarav,Mehta,aarav.mehta209@example.com,Ahmedabad,WB,India,699438
210,Vivaan,Sharma,vivaan.sharma210@example.com,Kolkata,TN,India,975685
211,Ananya,Iyer,ananya.iyer211@example.com,Delhi,TS,India,939389
212,Aditya,Das,aditya.das212@example.com,Ahmedabad,GJ,India,491370
213,Ananya,Khan,ananya.khan213@example.com,Mumbai,GJ,India,873754
214,Aarav,Sharma,aarav.sharma214@example.com,Mumbai,DL,India,643745
215,Vivaan,Patel,vivaan.patel215@example.com,Pune,MH,India,302610
216,Vivaan,Iyer,vivaan.iyer216@example.com,Chennai,KA,India,711177
217,Sai,Verma,sai.verma217@example.com,Delhi,KA,India,936148
218,Aditya,Patel,aditya.patel218@example.com,Ahmedabad,WB,India,517544
219,Vihaan,Iyer,vihaan.iyer219@example.com,Hyderabad,MH,India,035624
220,Vihaan,Reddy,vihaan.reddy220@example.com,Chennai,MH,India,811407
221,Aarav,Das,aarav.das221@example.com,Mumbai,KA,India,044530
222,Arjun,Reddy,arjun.reddy222@example.com,Pune,DL,India,340923
223,Ananya,Reddy,ananya.reddy223@example.com,Kolkata,TN,India,081624
224,Riya,Reddy,riya.reddy224@example.com,Pune,GJ,India,878870
225,Ananya,Gupta,ananya.gupta225@example.com,Mumbai,GJ,India,635645
226,Vivaan,Mehta,vivaan.mehta226@example.com,Delhi,GJ,India,717948
227,Ananya,Das,ananya.das227@example.com,Hyderabad,TS,India,397519
228,Ananya,Iyer,ananya.iyer228@example.com,Bengaluru,WB,India,990665
229,Vivaan,Sharma,vivaan.sharma229@example.com,Mumbai,MH,India,382247
230,Vihaan,Khan,vihaan.khan230@example.com,Pune,KA,India,371128
231,Ananya,Khan,ananya.khan231@example.com,Hyderabad,WB,India,490667
232,Riya,Patel,riya.patel232@example.com,Ahmedabad,MH,India,650444
233,Vivaan,Sharma,vivaan.sharma233@example.com,Hyderabad,TS,India,329732
234,Ananya,Das,ananya.das234@example.com,Hyderabad,GJ,India,330115
235,Ishita,Verma,ishita.verma235@example.com,Kolkata,TS,India,192716
236,Ishita,Mehta,ishita.mehta236@example.com,Hyderabad,MH,India,733127
237,Sai,Khan,sai.khan237@example.com,Hyderabad,TN,India,101464
238,Vivaan,Patel,vivaan.patel238@example.com,Mumbai,KA,India,982243
239,Diya,Khan,diya.khan239@example.com,Hyderabad,MH,India,085789
240,Ishita,Das,ishita.das240@example.com,Chennai,TN,India,628426
241,Riya,Reddy,riya.reddy241@example.com,Delhi,KA,India,733896
242,Riya,Gupta,riya.gupta242@example.com,Hyderabad,GJ,India,931045
243,Aarav,Iyer,aarav.iyer243@example.com,Mumbai,TS,India,055873
244,Ananya,Reddy,ananya.reddy244@example.com,Hyderabad,WB,India,792348
245,Ishita,Singh,ishita.singh245@example.com,Kolkata,MH,India,654034
246,Aarav,Das,aarav.das246@example.com,Kolkata,TS,India,235936
247,Sai,Khan,sai.khan247@example.com,Bengaluru,TS,India,570356
248,Sai,Iyer,sai.iyer248@example.com,Hyderabad,WB,India,221100
249,Riya,Khan,riya.khan249@example.com,Hyderabad,GJ,India,636598
250,Diya,Khan,diya.khan250@example.com,Mumbai,KA,India,445259
251,Vihaan,Patel,vihaan.patel251@example.com,Pune,KA,India,458338
252,Ishita,Patel,ishita.patel252@example.com,Pune,MH,India,784649
253,Vihaan,Iyer,vihaan.iyer253@example.com,Pune,MH,India,712054
254,Ishita,Patel,ishita.patel254@example.com,Pune,KA,India,422787
255,Riya,Sharma,riya.sharma255@example.com,Delhi,MH,India,280522
256,Riya,Das,riya.das256@example.com,Hyderabad,TS,India,866604
257,Sai,Reddy,sai.reddy257@example.com,Ahmedabad,MH,India,254832
258,Diya,Patel,diya.patel258@example.com,Ahmedabad,GJ,India,004626
259,Vihaan,Khan,vihaan.khan259@example.com,Mumbai,TS,India,949406
260,Vihaan,Iyer,vihaan.iyer260@example.com,Bengaluru,MH,India,804357
261,Aarav,Mehta,aarav.mehta261@example.com,Chennai,GJ,India,036036
262,Riya,Sharma,riya.sharma262@example.com,Hyderabad,TS,India,171293
263,Aditya,Mehta,aditya.mehta263@example.com,Chennai,TS,India,455409
264,Vihaan,Sharma,vihaan.sharma264@example.com,Delhi,WB,India,713929
265,Sai,Gupta,sai.gupta265@example.com,Delhi,TN,India,625011
266,Sai,Singh,sai.singh266@example.com,Chennai,MH,India,342667
267,Diya,Verma,diya.verma267@example.com,Mumbai,GJ,India,956479
268,Riya,Sharma,riya.sharma268@example.com,Kolkata,GJ,India,327225
269,Vihaan,Khan,vihaan.khan269@example.com,Bengaluru,KA,India,312451
270,Ananya,Iyer,ananya.iyer270@example.com,Bengaluru,KA,India,802367
271,Sai,Singh,sai.singh271@example.com,Pune,GJ,India,298125
272,Aditya,Das,aditya.das272@example.com,Bengaluru,TN,India,498164
273,Ananya,Khan,ananya.khan273@example.com,Hyderabad,DL,India,854265
274,Vihaan,Gupta,vihaan.gupta274@example.com,Hyderabad,KA,India,567770
275,Arjun,Sharma,arjun.sharma275@example.com,Mumbai,TN,India,077290
276,Arjun,Singh,arjun.singh276@example.com,Chennai,TN,India,709738
277,Riya,Reddy,riya.reddy277@example.com,Ahmedabad,MH,India,137553
278,Arjun,Verma,arjun.verma278@example.com,Chennai,GJ,India,577605
279,Vivaan,Sharma,vivaan.sharma279@example.com,Ahmedabad,WB,India,295459
280,Riya,Verma,riya.verma280@example.com,Chennai,DL,India,749796
281,Sai,Khan,sai.khan281@example.com,Bengaluru,MH,India,613511
282,Vihaan,Gupta,vihaan.gupta282@example.com,Ahmedabad,TS,India,494418
283,Ananya,Mehta,ananya.mehta283@example.com,Mumbai,WB,India,891362
284,Ishita,Gupta,ishita.gupta284@example.com,Pune,TN,India,896948
285,Sai,Patel,sai.patel285@example.com,Mumbai,TS,India,174191
286,Sai,Reddy,sai.reddy286@example.com,Kolkata,TN,India,618246
287,Sai,Gupta,sai.gupta287@example.com,Kolkata,TN,India,277736
288,Ananya,Iyer,ananya.iyer288@example.com,Ahmedabad,KA,India,715632
289,Arjun,Sharma,arjun.sharma289@example.com,Kolkata,DL,India,000594
290,Aditya,Iyer,aditya.iyer290@example.com,Bengaluru,GJ,India,710393
291,Riya,Singh,riya.singh291@example.com,Chennai,KA,India,712142
292,Ananya,Das,ananya.das292@example.com,Pune,TN,India,200334
293,Diya,Singh,diya.singh293@example.com,Bengaluru,MH,India,270165
294,Arjun,Khan,arjun.khan294@example.com,Bengaluru,TS,India,875511
295,Arjun,Khan,arjun.khan295@example.com,Hyderabad,KA,India,387690
296,Diya,Sharma,diya.sharma296@example.com,Ahmedabad,MH,India,258004
297,Vihaan,Sharma,vihaan.sharma297@example.com,Ahmedabad,KA,India,471717
298,Sai,Das,sai.das298@example.com,Chennai,MH,India,021289
299,Ishita,Patel,ishita.patel299@example.com,Ahmedabad,GJ,India,410237
300,Arjun,Sharma,arjun.sharma300@example.com,Delhi,TN,India,793087
301,Sai,Gupta,sai.gupta301@example.com,Delhi,GJ,India,550693
302,Diya,Iyer,diya.iyer302@example.com,Ahmedabad,KA,India,694014
303,Arjun,Patel,arjun.patel303@example.com,Hyderabad,GJ,India,513713
304,Riya,Khan,riya.khan304@example.com,Pune,GJ,India,927415
305,Riya,Sharma,riya.sharma305@example.com,Delhi,GJ,India,553425
306,Diya,Khan,diya.khan306@example.com,Delhi,GJ,India,465612
307,Vivaan,Patel,vivaan.patel307@example.com,Kolkata,TS,India,517996
308,Vivaan,Khan,vivaan.khan308@example.com,Pune,MH,India,280511
309,Arjun,Patel,arjun.patel309@example.com,Hyderabad,TS,India,636834
310,Arjun,Gupta,arjun.gupta310@example.com,Ahmedabad,KA,India,787668
311,Riya,Sharma,riya.sharma311@example.com,Delhi,WB,India,406233
312,Ishita,Singh,ishita.singh312@example.com,Kolkata,GJ,India,480423
313,Aditya,Iyer,aditya.iyer313@example.com,Pune,MH,India,449108
314,Ananya,Khan,ananya.khan314@example.com,Chennai,MH,India,653020
315,Sai,Reddy,sai.reddy315@example.com,Kolkata,WB,India,257787
316,Vihaan,Singh,vihaan.singh316@example.com,Ahmedabad,TS,India,553718
317,Aditya,Mehta,aditya.mehta317@example.com,Hyderabad,TS,India,747828
318,Vivaan,Reddy,vivaan.reddy318@example.com,Hyderabad,TS,India,998944
319,Diya,Sharma,diya.sharma319@example.com,Bengaluru,MH,India,725366
320,Arjun,Iyer,arjun.iyer320@example.com,Bengaluru,DL,India,892813
321,Ananya,Gupta,ananya.gupta321@example.com,Chennai,TN,India,802396
322,Vivaan,Das,vivaan.das322@example.com,Hyderabad,TS,India,493832
323,Aditya,Mehta,aditya.mehta323@example.com,Kolkata,MH,India,949329
324,Vihaan,Sharma,vihaan.sharma324@example.com,Mumbai,WB,India,580885
325,Riya,Reddy,riya.reddy325@example.com,Ahmedabad,TS,India,285887
326,Aditya,Sharma,aditya.sharma326@example.com,Kolkata,KA,India,257490
327,Ananya,Sharma,ananya.sharma327@example.com,Chennai,WB,India,864596
328,Riya,Gupta,riya.gupta328@example.com,Pune,MH,India,637680
329,Vivaan,Das,vivaan.das329@example.com,Mumbai,DL,India,282922
330,Vivaan,Khan,vivaan.khan330@example.com,Kolkata,WB,India,719042
331,Arjun,Reddy,arjun.reddy331@example.com,Chennai,WB,India,620930
332,Aditya,Sharma,aditya.sharma332@example.com,Chennai,MH,India,875642
333,Sai,Das,sai.das333@example.com,Bengaluru,MH,India,981799
334,Vihaan,Iyer,vihaan.iyer334@example.com,Hyderabad,DL,India,784590
335,Vihaan,Patel,vihaan.patel335@example.com,Delhi,DL,India,486881
336,Diya,Patel,diya.patel336@example.com,Bengaluru,MH,India,549651
337,Arjun,Mehta,arjun.mehta337@example.com,Pune,TS,India,340555
338,Ananya,Gupta,ananya.gupta338@example.com,Bengaluru,TN,India,165137
339,Sai,Iyer,sai.iyer339@example.com,Kolkata,WB,India,007850
340,Aarav,Gupta,aarav.gupta340@example.com,Bengaluru,TS,India,829962
341,Vivaan,Das,vivaan.das341@example.com,Ahmedabad,WB,India,707479
342,Diya,Mehta,diya.mehta342@example.com,Delhi,MH,India,184163
343,Vihaan,Das,vihaan.das343@example.com,Hyderabad,WB,India,246468
344,Vivaan,Iyer,vivaan.iyer344@example.com,Mumbai,TN,India,820373
345,Diya,Singh,diya.singh345@example.com,Bengaluru,WB,India,608144
346,Diya,Iyer,diya.iyer346@example.com,Hyderabad,WB,India,326130
347,Vivaan,Mehta,vivaan.mehta347@example.com,Pune,WB,India,053895
348,Riya,Iyer,riya.iyer348@example.com,Ahmedabad,KA,India,922461
349,Sai,Gupta,sai.gupta349@example.com,Hyderabad,MH,India,337970
350,Vivaan,Khan,vivaan.khan350@example.com,Pune,WB,India,161709
351,Ishita,Sharma,ishita.sharma351@example.com,Bengaluru,TS,India,696857
352,Aditya,Reddy,aditya.reddy352@example.com,Kolkata,KA,India,596236
353,Vihaan,Singh,vihaan.singh353@example.com,Ahmedabad,WB,India,297811
354,Aarav,Das,aarav.das354@example.com,Chennai,TS,India,380369
355,Riya,Sharma,riya.sharma355@example.com,Bengaluru,MH,India,773548
356,Vihaan,Iyer,vihaan.iyer356@example.com,Chennai,DL,India,089535
357,Aditya,Singh,aditya.singh357@example.com,Mumbai,DL,India,425585
358,Vivaan,Sharma,vivaan.sharma358@example.com,Delhi,GJ,India,203859
359,Ishita,Patel,ishita.patel359@example.com,Delhi,MH,India,400198
360,Arjun,Das,arjun.das360@example.com,Mumbai,MH,India,432894
361,Aditya,Patel,aditya.patel361@example.com,Kolkata,DL,India,569921
362,Arjun,Iyer,arjun.iyer362@example.com,Delhi,MH,India,638746
363,Diya,Iyer,diya.iyer363@example.com,Hyderabad,DL,India,539393
364,Ananya,Patel,ananya.patel364@example.com,Ahmedabad,KA,India,086489
365,Sai,Patel,sai.patel365@example.com,Delhi,DL,India,328082
366,Riya,Patel,riya.patel366@example.com,Kolkata,KA,India,139524
367,Aditya,Verma,aditya.verma367@example.com,Chennai,KA,India,342183
368,Vihaan,Mehta,vihaan.mehta368@example.com,Hyderabad,KA,India,866951
369,Vihaan,Reddy,vihaan.reddy369@example.com,Chennai,WB,India,817006
370,Riya,Reddy,riya.reddy370@example.com,Ahmedabad,DL,India,120665
371,Vivaan,Sharma,vivaan.sharma371@example.com,Pune,KA,India,132437
372,Vihaan,Reddy,vihaan.reddy372@example.com,Bengaluru,GJ,India,047851
373,Diya,Patel,diya.patel373@example.com,Chennai,MH,India,884678
374,Aditya,Verma,aditya.verma374@example.com,Mumbai,MH,India,648187
375,Vihaan,Sharma,vihaan.sharma375@example.com,Hyderabad,TN,India,430752
376,Ishita,Mehta,ishita.mehta376@example.com,Mumbai,KA,India,567415
377,Aditya,Verma,aditya.verma377@example.com,Ahmedabad,MH,India,195783
378,Aditya,Gupta,aditya.gupta378@example.com,Chennai,MH,India,423282
379,Arjun,Patel,arjun.patel379@example.com,Hyderabad,MH,India,581416
380,Vivaan,Patel,vivaan.patel380@example.com,Bengaluru,DL,India,438932
381,Arjun,Gupta,arjun.gupta381@example.com,Bengaluru,MH,India,371656
382,Vivaan,Patel,vivaan.patel382@example.com,Delhi,KA,India,344941
383,Vihaan,Mehta,vihaan.mehta383@example.com,Mumbai,GJ,India,730027
384,Riya,Mehta,riya.mehta384@example.com,Mumbai,MH,India,717423
385,Ishita,Singh,ishita.singh385@example.com,Pune,MH,India,287489
386,Aditya,Sharma,aditya.sharma386@example.com,Ahmedabad,GJ,India,072265
387,Sai,Mehta,sai.mehta387@example.com,Hyderabad,KA,India,362167
388,Arjun,Reddy,arjun.reddy388@example.com,Mumbai,GJ,India,147741
389,Diya,Mehta,diya.mehta389@example.com,Chennai,MH,India,995456
390,Vivaan,Das,vivaan.das390@example.com,Delhi,DL,India,865469
391,Vihaan,Singh,vihaan.singh391@example.com,Hyderabad,DL,India,374091
392,Aarav,Iyer,aarav.iyer392@example.com,Pune,MH,India,476250
393,Aditya,Gupta,aditya.gupta393@example.com,Pune,MH,India,171471
394,Vivaan,Khan,vivaan.khan394@example.com,Hyderabad,MH,India,385758
395,Ananya,Patel,ananya.patel395@example.com,Chennai,GJ,India,052802
396,Ishita,Reddy,ishita.reddy396@example.com,Bengaluru,MH,India,354460
397,Riya,Verma,riya.verma397@example.com,Kolkata,MH,India,259452
398,Aarav,Gupta,aarav.gupta398@example.com,Kolkata,KA,India,846097
399,Riya,Verma,riya.verma399@example.com,Delhi,TN,India,544536
400,Vihaan,Iyer,vihaan.iyer400@example.com,Pune,MH,India,386390
401,Vivaan,Patel,vivaan.patel401@example.com,Delhi,TN,India,598974
402,Vihaan,Gupta,vihaan.gupta402@example.com,Hyderabad,DL,India,947087
403,Ananya,Singh,ananya.singh403@example.com,Bengaluru,MH,India,680100
404,Vivaan,Gupta,vivaan.gupta404@example.com,Bengaluru,GJ,India,781825
405,Sai,Khan,sai.khan405@example.com,Chennai,MH,India,274257
406,Ishita,Iyer,ishita.iyer406@example.com,Bengaluru,MH,India,769624
407,Ananya,Gupta,ananya.gupta407@example.com,Pune,TN,India,768915
408,Vihaan,Patel,vihaan.patel408@example.com,Mumbai,DL,India,724508
409,Vihaan,Das,vihaan.das409@example.com,Chennai,DL,India,930434
410,Aarav,Singh,aarav.singh410@example.com,Mumbai,GJ,India,441196
411,Aditya,Khan,aditya.khan411@example.com,Bengaluru,MH,India,580552
412,Aarav,Verma,aarav.verma412@example.com,Mumbai,KA,India,307841
413,Ananya,Iyer,ananya.iyer413@example.com,Pune,TN,India,601722
414,Aditya,Khan,aditya.khan414@example.com,Pune,TS,India,813141
415,Vihaan,Verma,vihaan.verma415@example.com,Bengaluru,KA,India,077016
416,Arjun,Singh,arjun.singh416@example.com,Ahmedabad,GJ,India,191716
417,Ananya,Reddy,ananya.reddy417@example.com,Bengaluru,MH,India,879154
418,Aarav,Khan,aarav.khan418@example.com,Delhi,TS,India,811815
419,Vivaan,Sharma,vivaan.sharma419@example.com,Kolkata,MH,India,999194
420,Sai,Singh,sai.singh420@example.com,Bengaluru,MH,India,952994
421,Aarav,Singh,aarav.singh421@example.com,Bengaluru,MH,India,582640
422,Riya,Iyer,riya.iyer422@example.com,Kolkata,GJ,India,818698
423,Ananya,Mehta,ananya.mehta423@example.com,Hyderabad,GJ,India,912994
424,Vivaan,Das,vivaan.das424@example.com,Kolkata,GJ,India,999888
425,Ananya,Sharma,ananya.sharma425@example.com,Hyderabad,WB,India,162299
426,Aditya,Das,aditya.das426@example.com,Hyderabad,MH,India,455684
427,Ishita,Patel,ishita.patel427@example.com,Bengaluru,TN,India,840395
428,Vihaan,Sharma,vihaan.sharma428@example.com,Mumbai,GJ,India,530594
429,Vihaan,Das,vihaan.das429@example.com,Kolkata,KA,India,396544
430,Diya,Das,diya.das430@example.com,Bengaluru,KA,India,431890
431,Vivaan,Patel,vivaan.patel431@example.com,Bengaluru,TN,India,419214
432,Riya,Verma,riya.verma432@example.com,Hyderabad,TS,India,112283
433,Vivaan,Singh,vivaan.singh433@example.com,Bengaluru,MH,India,870441
434,Aarav,Patel,aarav.patel434@example.com,Delhi,DL,India,148370
435,Vivaan,Sharma,vivaan.sharma435@example.com,Chennai,WB,India,024742
436,Riya,Iyer,riya.iyer436@example.com,Hyderabad,WB,India,047235
437,Vivaan,Sharma,vivaan.sharma437@example.com,Ahmedabad,KA,India,726548
438,Vihaan,Reddy,vihaan.reddy438@example.com,Bengaluru,TS,India,036869
439,Riya,Iyer,riya.iyer439@example.com,Chennai,MH,India,417796
440,Arjun,Iyer,arjun.iyer440@example.com,Ahmedabad,TN,India,985460
441,Ananya,Patel,ananya.patel441@example.com,Chennai,TS,India,587762
442,Aditya,Iyer,aditya.iyer442@example.com,Pune,WB,India,081930
443,Riya,Iyer,riya.iyer443@example.com,Pune,GJ,India,658008
444,Aditya,Sharma,aditya.sharma444@example.com,Mumbai,MH,India,344785
445,Aarav,Khan,aarav.khan445@example.com,Delhi,KA,India,321243
446,Sai,Verma,sai.verma446@example.com,Pune,KA,India,026961
447,Ishita,Verma,ishita.verma447@example.com,Pune,MH,India,200504
448,Sai,Khan,sai.khan448@example.com,Kolkata,GJ,India,727317
449,Diya,Verma,diya.verma449@example.com,Ahmedabad,MH,India,875998
450,Ishita,Mehta,ishita.mehta450@example.com,Hyderabad,DL,India,132201
451,Ananya,Iyer,ananya.iyer451@example.com,Hyderabad,WB,India,582829
452,Ishita,Gupta,ishita.gupta452@example.com,Chennai,DL,India,503269
453,Ishita,Gupta,ishita.gupta453@example.com,Bengaluru,GJ,India,264720
454,Vivaan,Khan,vivaan.khan454@example.com,Bengaluru,WB,India,123751
455,Vivaan,Verma,vivaan.verma455@example.com,Ahmedabad,KA,India,095561
456,Ananya,Verma,ananya.verma456@example.com,Bengaluru,GJ,India,750936
457,Sai,Sharma,sai.sharma457@example.com,Bengaluru,MH,India,306633
458,Aditya,Verma,aditya.verma458@example.com,Chennai,DL,India,500364
459,Aditya,Gupta,aditya.gupta459@example.com,Ahmedabad,KA,India,660799
460,Riya,Das,riya.das460@example.com,Bengaluru,MH,India,991127
461,Aditya,Reddy,aditya.reddy461@example.com,Chennai,KA,India,236917
462,Vivaan,Patel,vivaan.patel462@example.com,Kolkata,TS,India,748135
463,Ishita,Reddy,ishita.reddy463@example.com,Bengaluru,TN,India,847309
464,Ishita,Iyer,ishita.iyer464@example.com,Pune,DL,India,485172
465,Diya,Gupta,diya.gupta465@example.com,Pune,DL,India,788088
466,Sai,Iyer,sai.iyer466@example.com,Delhi,DL,India,711053
467,Vihaan,Mehta,vihaan.mehta467@example.com,Ahmedabad,GJ,India,939193
468,Arjun,Reddy,arjun.reddy468@example.com,Chennai,MH,India,956196
469,Ananya,Das,ananya.das469@example.com,Hyderabad,WB,India,519470
470,Riya,Singh,riya.singh470@example.com,Bengaluru,TS,India,726600
471,Arjun,Mehta,arjun.mehta471@example.com,Kolkata,GJ,India,382906
472,Ishita,Khan,ishita.khan472@example.com,Chennai,TS,India,172295
473,Diya,Verma,diya.verma473@example.com,Kolkata,MH,India,169769
474,Riya,Khan,riya.khan474@example.com,Hyderabad,TN,India,717816
475,Sai,Gupta,sai.gupta475@example.com,Ahmedabad,KA,India,174452
476,Aditya,Reddy,aditya.reddy476@example.com,Kolkata,KA,India,047800
477,Aarav,Reddy,aarav.reddy477@example.com,Bengaluru,WB,India,363994
478,Ananya,Singh,ananya.singh478@example.com,Mumbai,TS,India,395515
479,Ananya,Singh,ananya.singh479@example.com,Chennai,GJ,India,497121
480,Arjun,Verma,arjun.verma480@example.com,Chennai,TS,India,227863
481,Vivaan,Patel,vivaan.patel481@example.com,Delhi,DL,India,883611
482,Vivaan,Singh,vivaan.singh482@example.com,Chennai,DL,India,695452
483,Sai,Iyer,sai.iyer483@example.com,Delhi,MH,India,467673
484,Ananya,Verma,ananya.verma484@example.com,Bengaluru,TS,India,448685
485,Vivaan,Iyer,vivaan.iyer485@example.com,Bengaluru,WB,India,689136
486,Aditya,Gupta,aditya.gupta486@example.com,Ahmedabad,KA,India,490736
487,Vihaan,Reddy,vihaan.reddy487@example.com,Pune,GJ,India,560747
488,Vihaan,Mehta,vihaan.mehta488@example.com,Bengaluru,GJ,India,611477
489,Diya,Mehta,diya.mehta489@example.com,Kolkata,GJ,India,826393
490,Aarav,Gupta,aarav.gupta490@example.com,Mumbai,TN,India,774099
491,Diya,Gupta,diya.gupta491@example.com,Kolkata,DL,India,039164
492,Vihaan,Reddy,vihaan.reddy492@example.com,Delhi,DL,India,081602
493,Arjun,Iyer,arjun.iyer493@example.com,Delhi,MH,India,020238
494,Ishita,Sharma,ishita.sharma494@example.com,Bengaluru,KA,India,799781
495,Riya,Mehta,riya.mehta495@example.com,Ahmedabad,WB,India,433115
496,Aarav,Das,aarav.das496@example.com,Kolkata,TN,India,684730
497,Vihaan,Khan,vihaan.khan497@example.com,Delhi,TS,India,381227
498,Aditya,Mehta,aditya.mehta498@example.com,Hyderabad,WB,India,107127
499,Aditya,Iyer,aditya.iyer499@example.com,Mumbai,TN,India,018595
500,Riya,Sharma,riya.sharma500@example.com,Chennai,DL,India,197821
501,Ishita,Singh,ishita.singh501@example.com,Delhi,WB,India,926744
502,Arjun,Patel,arjun.patel502@example.com,Ahmedabad,DL,India,423024
503,Riya,Patel,riya.patel503@example.com,Hyderabad,WB,India,630331
504,Sai,Reddy,sai.reddy504@example.com,Chennai,WB,India,179684
505,Aarav,Gupta,aarav.gupta505@example.com,Delhi,MH,India,429755
506,Ishita,Khan,ishita.khan506@example.com,Bengaluru,GJ,India,359482
507,Ishita,Gupta,ishita.gupta507@example.com,Pune,TN,India,970632
508,Sai,Singh,sai.singh508@example.com,Hyderabad,TN,India,535697
509,Aditya,Mehta,aditya.mehta509@example.com,Ahmedabad,KA,India,290218
510,Vihaan,Gupta,vihaan.gupta510@example.com,Mumbai,TN,India,083714
511,Aditya,Gupta,aditya.gupta511@example.com,Kolkata,TS,India,584494
512,Aarav,Singh,aarav.singh512@example.com,Bengaluru,DL,India,494152
513,Vivaan,Iyer,vivaan.iyer513@example.com,Pune,KA,India,009212
514,Aditya,Gupta,aditya.gupta514@example.com,Kolkata,WB,India,030472
515,Ananya,Patel,ananya.patel515@example.com,Kolkata,MH,India,190340
516,Aarav,Reddy,aarav.reddy516@example.com,Chennai,TN,India,733992
517,Sai,Iyer,sai.iyer517@example.com,Hyderabad,TN,India,019486
518,Ananya,Singh,ananya.singh518@example.com,Pune,WB,India,091617
519,Riya,Das,riya.das519@example.com,Ahmedabad,DL,India,476972
520,Vihaan,Verma,vihaan.verma520@example.com,Delhi,DL,India,816330
521,Vivaan,Das,vivaan.das521@example.com,Hyderabad,TS,India,609087
522,Ananya,Das,ananya.das522@example.com,Ahmedabad,KA,India,656548
523,Vihaan,Gupta,vihaan.gupta523@example.com,Kolkata,MH,India,877705
524,Aarav,Patel,aarav.patel524@example.com,Pune,GJ,India,995337
525,Riya,Khan,riya.khan525@example.com,Bengaluru,MH,India,874553
526,Arjun,Gupta,arjun.gupta526@example.com,Ahmedabad,MH,India,280049
527,Vivaan,Khan,vivaan.khan527@example.com,Delhi,GJ,India,940478
528,Riya,Sharma,riya.sharma528@example.com,Delhi,TN,India,830602
529,Vivaan,Khan,vivaan.khan529@example.com,Kolkata,GJ,India,876252
530,Aarav,Mehta,aarav.mehta530@example.com,Delhi,KA,India,197882
531,Aditya,Das,aditya.das531@example.com,Chennai,MH,India,011946
532,Aditya,Iyer,aditya.iyer532@example.com,Mumbai,TS,India,944471
533,Aditya,Patel,aditya.patel533@example.com,Bengaluru,MH,India,344485
534,Vihaan,Patel,vihaan.patel534@example.com,Pune,KA,India,769800
535,Aarav,Iyer,aarav.iyer535@example.com,Mumbai,MH,India,207605
536,Sai,Das,sai.das536@example.com,Ahmedabad,WB,India,961074
537,Ishita,Iyer,ishita.iyer537@example.com,Delhi,DL,India,381594
538,Sai,Reddy,sai.reddy538@example.com,Ahmedabad,TN,India,008372
539,Vivaan,Das,vivaan.das539@example.com,Kolkata,MH,India,333094
540,Arjun,Das,arjun.das540@example.com,Chennai,DL,India,083150
541,Sai,Iyer,sai.iyer541@example.com,Delhi,WB,India,444549
542,Riya,Gupta,riya.gupta542@example.com,Bengaluru,GJ,India,260381
543,Vivaan,Mehta,vivaan.mehta543@example.com,Ahmedabad,DL,India,365158
544,Ananya,Khan,ananya.khan544@example.com,Mumbai,KA,India,236108
545,Riya,Das,riya.das545@example.com,Hyderabad,TN,India,711246
546,Aditya,Iyer,aditya.iyer546@example.com,Ahmedabad,DL,India,195743
547,Aditya,Sharma,aditya.sharma547@example.com,Kolkata,GJ,India,235769
548,Aarav,Khan,aarav.khan548@example.com,Pune,TS,India,206388
549,Diya,Khan,diya.khan549@example.com,Delhi,WB,India,804502
550,Riya,Patel,riya.patel550@example.com,Chennai,TN,India,687845
551,Riya,Sharma,riya.sharma551@example.com,Kolkata,TN,India,611617
552,Ishita,Khan,ishita.khan552@example.com,Mumbai,DL,India,197265
553,Riya,Singh,riya.singh553@example.com,Mumbai,TN,India,898096
554,Arjun,Das,arjun.das554@example.com,Hyderabad,MH,India,734032
555,Aarav,Singh,aarav.singh555@example.com,Ahmedabad,DL,India,706637
556,Vivaan,Mehta,vivaan.mehta556@example.com,Bengaluru,MH,India,996381
557,Riya,Patel,riya.patel557@example.com,Mumbai,GJ,India,339468
558,Aarav,Reddy,aarav.reddy558@example.com,Chennai,TS,India,909526
559,Diya,Sharma,diya.sharma559@example.com,Chennai,MH,India,415618
560,Ishita,Patel,ishita.patel560@example.com,Kolkata,TS,India,830605
561,Diya,Mehta,diya.mehta561@example.com,Kolkata,DL,India,867708
562,Sai,Mehta,sai.mehta562@example.com,Ahmedabad,TS,India,347095
563,Vivaan,Gupta,vivaan.gupta563@example.com,Hyderabad,GJ,India,153183
564,Arjun,Khan,arjun.khan564@example.com,Delhi,MH,India,081381
565,Ananya,Sharma,ananya.sharma565@example.com,Ahmedabad,TN,India,427326
566,Vihaan,Sharma,vihaan.sharma566@example.com,Mumbai,TS,India,766056
567,Aarav,Singh,aarav.singh567@example.com,Chennai,GJ,India,361422
568,Aarav,Patel,aarav.patel568@example.com,Chennai,MH,India,982307
569,Diya,Gupta,diya.gupta569@example.com,Delhi,KA,India,576730
570,Riya,Gupta,riya.gupta570@example.com,Delhi,WB,India,014546
571,Sai,Sharma,sai.sharma571@example.com,Delhi,TS,India,441072
572,Ishita,Gupta,ishita.gupta572@example.com,Ahmedabad,TN,India,849335
573,Vihaan,Verma,vihaan.verma573@example.com,Bengaluru,TS,India,690113
574,Sai,Verma,sai.verma574@example.com,Chennai,DL,India,966176
575,Riya,Reddy,riya.reddy575@example.com,Chennai,MH,India,132623
576,Riya,Gupta,riya.gupta576@example.com,Mumbai,TS,India,855434
577,Vivaan,Reddy,vivaan.reddy577@example.com,Mumbai,TS,India,433354
578,Ishita,Verma,ishita.verma578@example.com,Chennai,DL,India,859762
579,Aarav,Mehta,aarav.mehta579@example.com,Ahmedabad,TN,India,250889
580,Riya,Gupta,riya.gupta580@example.com,Kolkata,DL,India,275037
581,Aditya,Mehta,aditya.mehta581@example.com,Ahmedabad,GJ,India,875264
582,Vihaan,Singh,vihaan.singh582@example.com,Bengaluru,WB,India,795267
583,Ishita,Gupta,ishita.gupta583@example.com,Mumbai,DL,India,570778
584,Ishita,Mehta,ishita.mehta584@example.com,Mumbai,KA,India,065222
585,Riya,Das,riya.das585@example.com,Kolkata,MH,India,243192
586,Aarav,Das,aarav.das586@example.com,Ahmedabad,TS,India,670019
587,Vihaan,Khan,vihaan.khan587@example.com,Pune,WB,India,985855
588,Ishita,Singh,ishita.singh588@example.com,Delhi,TN,India,091149
589,Diya,Das,diya.das589@example.com,Pune,MH,India,896077
590,Aditya,Singh,aditya.singh590@example.com,Delhi,WB,India,509712
591,Aarav,Mehta,aarav.mehta591@example.com,Pune,KA,India,453386
592,Diya,Singh,diya.singh592@example.com,Bengaluru,GJ,India,363187
593,Riya,Verma,riya.verma593@example.com,Kolkata,KA,India,294911
594,Ananya,Mehta,ananya.mehta594@example.com,Kolkata,TN,India,493353
595,Arjun,Reddy,arjun.reddy595@example.com,Chennai,WB,India,808054
596,Vihaan,Patel,vihaan.patel596@example.com,Kolkata,WB,India,376090
597,Sai,Gupta,sai.gupta597@example.com,Delhi,TS,India,507252
598,Ishita,Gupta,ishita.gupta598@example.com,Kolkata,GJ,India,767093
599,Sai,Iyer,sai.iyer599@example.com,Bengaluru,TN,India,129158
600,Aditya,Verma,aditya.verma600@example.com,Chennai,TS,India,959863
601,Riya,Khan,riya.khan601@example.com,Ahmedabad,MH,India,373066
602,Vivaan,Iyer,vivaan.iyer602@example.com,Chennai,TN,India,406477
603,Aarav,Patel,aarav.patel603@example.com,Hyderabad,TS,India,349834
604,Riya,Verma,riya.verma604@example.com,Pune,TN,India,348306
605,Ishita,Verma,ishita.verma605@example.com,Kolkata,MH,India,770203
606,Diya,Singh,diya.singh606@example.com,Bengaluru,WB,India,811388
607,Ananya,Verma,ananya.verma607@example.com,Hyderabad,GJ,India,182278
608,Diya,Patel,diya.patel608@example.com,Hyderabad,DL,India,253754
609,Ananya,Sharma,ananya.sharma609@example.com,Pune,MH,India,422731
610,Aditya,Patel,aditya.patel610@example.com,Pune,KA,India,341635
611,Arjun,Reddy,arjun.reddy611@example.com,Pune,WB,India,875471
612,Ishita,Sharma,ishita.sharma612@example.com,Bengaluru,DL,India,299118
613,Ishita,Mehta,ishita.mehta613@example.com,Chennai,TS,India,224989
614,Aditya,Gupta,aditya.gupta614@example.com,Pune,WB,India,079384
615,Sai,Patel,sai.patel615@example.com,Kolkata,TS,India,333436
616,Sai,Verma,sai.verma616@example.com,Ahmedabad,DL,India,930821
617,Riya,Mehta,riya.mehta617@example.com,Mumbai,TN,India,498887
618,Aditya,Singh,aditya.singh618@example.com,Chennai,KA,India,700440
619,Aditya,Reddy,aditya.reddy619@example.com,Ahmedabad,TN,India,867637
620,Aarav,Sharma,aarav.sharma620@example.com,Delhi,KA,India,011621
621,Vivaan,Sharma,vivaan.sharma621@example.com,Bengaluru,TN,India,332028
622,Vihaan,Mehta,vihaan.mehta622@example.com,Kolkata,MH,India,290176
623,Sai,Singh,sai.singh623@example.com,Kolkata,TN,India,372236
624,Sai,Patel,sai.patel624@example.com,Mumbai,TS,India,004956
625,Vihaan,Gupta,vihaan.gupta625@example.com,Pune,GJ,India,619819
626,Vivaan,Patel,vivaan.patel626@example.com,Hyderabad,KA,India,624296
627,Aditya,Iyer,aditya.iyer627@example.com,Kolkata,WB,India,334662
628,Riya,Iyer,riya.iyer628@example.com,Delhi,TN,India,222888
629,Ishita,Iyer,ishita.iyer629@example.com,Kolkata,TS,India,252017
630,Aarav,Das,aarav.das630@example.com,Bengaluru,GJ,India,951837
631,Arjun,Patel,arjun.patel631@example.com,Pune,WB,India,463287
632,Sai,Reddy,sai.reddy632@example.com,Delhi,TS,India,951615
633,Ananya,Gupta,ananya.gupta633@example.com,Mumbai,DL,India,369226
634,Ananya,Singh,ananya.singh634@example.com,Ahmedabad,KA,India,090881
635,Vivaan,Sharma,vivaan.sharma635@example.com,Mumbai,KA,India,727869
636,Diya,Khan,diya.khan636@example.com,Kolkata,MH,India,782815
637,Aditya,Sharma,aditya.sharma637@example.com,Hyderabad,WB,India,566990
638,Ananya,Reddy,ananya.reddy638@example.com,Chennai,WB,India,392774
639,Riya,Khan,riya.khan639@example.com,Pune,KA,India,554457
640,Arjun,Patel,arjun.patel640@example.com,Mumbai,MH,India,335098
641,Sai,Singh,sai.singh641@example.com,Ahmedabad,DL,India,504273
642,Ananya,Khan,ananya.khan642@example.com,Ahmedabad,MH,India,760115
643,Riya,Khan,riya.khan643@example.com,Hyderabad,TS,India,111940
644,Ananya,Mehta,ananya.mehta644@example.com,Ahmedabad,MH,India,590139
645,Ananya,Reddy,ananya.reddy645@example.com,Ahmedabad,TN,India,021844
646,Vivaan,Das,vivaan.das646@example.com,Hyderabad,MH,India,789335
647,Sai,Singh,sai.singh647@example.com,Chennai,GJ,India,612894
648,Diya,Reddy,diya.reddy648@example.com,Bengaluru,WB,India,206746
649,Ishita,Verma,ishita.verma649@example.com,Bengaluru,WB,India,931181
650,Diya,Gupta,diya.gupta650@example.com,Delhi,TS,India,164359
651,Arjun,Patel,arjun.patel651@example.com,Kolkata,MH,India,128062
652,Diya,Khan,diya.khan652@example.com,Chennai,GJ,India,309819
653,Ananya,Khan,ananya.khan653@example.com,Hyderabad,WB,India,524697
654,Sai,Verma,sai.verma654@example.com,Kolkata,KA,India,080011
655,Vivaan,Gupta,vivaan.gupta655@example.com,Kolkata,MH,India,553676
656,Diya,Gupta,diya.gupta656@example.com,Mumbai,DL,India,028250
657,Arjun,Das,arjun.das657@example.com,Pune,MH,India,190560
658,Vihaan,Iyer,vihaan.iyer658@example.com,Chennai,MH,India,274513
659,Ananya,Sharma,ananya.sharma659@example.com,Chennai,GJ,India,951621
660,Vivaan,Verma,vivaan.verma660@example.com,Kolkata,TN,India,157822
661,Diya,Patel,diya.patel661@example.com,Delhi,GJ,India,524275
662,Ishita,Khan,ishita.khan662@example.com,Delhi,TN,India,208126
663,Sai,Patel,sai.patel663@example.com,Kolkata,TS,India,271241
664,Ananya,Singh,ananya.singh664@example.com,Mumbai,WB,India,839457
665,Riya,Iyer,riya.iyer665@example.com,Chennai,MH,India,552178
666,Aarav,Verma,aarav.verma666@example.com,Kolkata,WB,India,803859
667,Vivaan,Gupta,vivaan.gupta667@example.com,Pune,MH,India,640643
668,Sai,Sharma,sai.sharma668@example.com,Mumbai,TS,India,640824
669,Ishita,Mehta,ishita.mehta669@example.com,Delhi,WB,India,273585
670,Diya,Patel,diya.patel670@example.com,Kolkata,KA,India,591984
671,Arjun,Gupta,arjun.gupta671@example.com,Kolkata,KA,India,845171
672,Arjun,Verma,arjun.verma672@example.com,Mumbai,GJ,India,189356
673,Vivaan,Mehta,vivaan.mehta673@example.com,Delhi,MH,India,605302
674,Arjun,Reddy,arjun.reddy674@example.com,Mumbai,MH,India,156707
675,Sai,Gupta,sai.gupta675@example.com,Kolkata,GJ,India,385368
676,Arjun,Gupta,arjun.gupta676@example.com,Pune,GJ,India,422612
677,Aarav,Reddy,aarav.reddy677@example.com,Chennai,MH,India,580301
678,Vivaan,Reddy,vivaan.reddy678@example.com,Ahmedabad,KA,India,841266
679,Vivaan,Patel,vivaan.patel679@example.com,Hyderabad,DL,India,586277
680,Aditya,Das,aditya.das680@example.com,Delhi,TN,India,989094
681,Ishita,Sharma,ishita.sharma681@example.com,Chennai,WB,India,908753
682,Ananya,Singh,ananya.singh682@example.com,Pune,GJ,India,604125
683,Riya,Khan,riya.khan683@example.com,Hyderabad,DL,India,899667
684,Ananya,Das,ananya.das684@example.com,Hyderabad,GJ,India,396063
685,Vihaan,Reddy,vihaan.reddy685@example.com,Mumbai,MH,India,694060
686,Vihaan,Verma,vihaan.verma686@example.com,Mumbai,TN,India,768139
687,Ishita,Khan,ishita.khan687@example.com,Bengaluru,TN,India,566916
688,Ishita,Khan,ishita.khan688@example.com,Chennai,MH,India,105756
689,Ishita,Khan,ishita.khan689@example.com,Chennai,WB,India,947897
690,Vivaan,Singh,vivaan.singh690@example.com,Pune,KA,India,689073
691,Ananya,Khan,ananya.khan691@example.com,Mumbai,DL,India,511975
692,Aditya,Khan,aditya.khan692@example.com,Kolkata,MH,India,267616
693,Ishita,Sharma,ishita.sharma693@example.com,Bengaluru,TS,India,007004
694,Aditya,Reddy,aditya.reddy694@example.com,Delhi,MH,India,493952
695,Aarav,Sharma,aarav.sharma695@example.com,Pune,TN,India,570861
696,Arjun,Patel,arjun.patel696@example.com,Chennai,DL,India,446228
697,Aditya,Iyer,aditya.iyer697@example.com,Chennai,TN,India,142782
698,Aditya,Singh,aditya.singh698@example.com,Pune,TN,India,418832
699,Ananya,Iyer,ananya.iyer699@example.com,Chennai,WB,India,680672
700,Diya,Singh,diya.singh700@example.com,Bengaluru,WB,India,833945
701,Diya,Gupta,diya.gupta701@example.com,Kolkata,WB,India,068352
702,Ishita,Khan,ishita.khan702@example.com,Delhi,KA,India,021436
703,Ishita,Iyer,ishita.iyer703@example.com,Kolkata,MH,India,491858
704,Arjun,Singh,arjun.singh704@example.com,Hyderabad,TN,India,506011
705,Diya,Verma,diya.verma705@example.com,Ahmedabad,TN,India,483024
706,Ishita,Reddy,ishita.reddy706@example.com,Hyderabad,WB,India,636966
707,Sai,Gupta,sai.gupta707@example.com,Bengaluru,KA,India,924404
708,Diya,Khan,diya.khan708@example.com,Hyderabad,TN,India,629668
709,Aarav,Verma,aarav.verma709@example.com,Pune,GJ,India,825754
710,Vihaan,Mehta,vihaan.mehta710@example.com,Delhi,DL,India,028646
711,Vihaan,Iyer,vihaan.iyer711@example.com,Pune,MH,India,710629
712,Sai,Das,sai.das712@example.com,Kolkata,MH,India,758753
713,Ananya,Das,ananya.das713@example.com,Hyderabad,TS,India,719655
714,Sai,Singh,sai.singh714@example.com,Chennai,KA,India,429745
715,Aarav,Iyer,aarav.iyer715@example.com,Bengaluru,DL,India,992729
716,Aditya,Sharma,aditya.sharma716@example.com,Delhi,GJ,India,193361
717,Riya,Patel,riya.patel717@example.com,Delhi,DL,India,465067
718,Diya,Singh,diya.singh718@example.com,Hyderabad,MH,India,184416
719,Vihaan,Verma,vihaan.verma719@example.com,Kolkata,TS,India,382289
720,Ishita,Verma,ishita.verma720@example.com,Chennai,WB,India,059305
721,Arjun,Singh,arjun.singh721@example.com,Chennai,GJ,India,310740
722,Vivaan,Singh,vivaan.singh722@example.com,Ahmedabad,GJ,India,996192
723,Aarav,Gupta,aarav.gupta723@example.com,Ahmedabad,DL,India,026526
724,Sai,Verma,sai.verma724@example.com,Delhi,GJ,India,548272
725,Aditya,Singh,aditya.singh725@example.com,Ahmedabad,TN,India,254502
726,Ishita,Mehta,ishita.mehta726@example.com,Chennai,DL,India,607976
727,Aarav,Gupta,aarav.gupta727@example.com,Delhi,KA,India,046314
728,Sai,Mehta,sai.mehta728@example.com,Delhi,MH,India,234195
729,Vivaan,Khan,vivaan.khan729@example.com,Pune,WB,India,429967
730,Riya,Iyer,riya.iyer730@example.com,Delhi,WB,India,942623
731,Sai,Reddy,sai.reddy731@example.com,Ahmedabad,TN,India,154230
732,Vivaan,Singh,vivaan.singh732@example.com,Hyderabad,MH,India,271924
733,Diya,Verma,diya.verma733@example.com,Delhi,TN,India,909169
734,Arjun,Reddy,arjun.reddy734@example.com,Mumbai,TS,India,996632
735,Diya,Sharma,diya.sharma735@example.com,Mumbai,TS,India,015136
736,Aditya,Verma,aditya.verma736@example.com,Mumbai,TN,India,376057
737,Vihaan,Gupta,vihaan.gupta737@example.com,Kolkata,DL,India,971852
738,Ananya,Reddy,ananya.reddy738@example.com,Delhi,TS,India,270927
739,Aditya,Iyer,aditya.iyer739@example.com,Bengaluru,MH,India,190038
740,Riya,Iyer,riya.iyer740@example.com,Pune,DL,India,237047
741,Arjun,Das,arjun.das741@example.com,Kolkata,DL,India,756336
742,Riya,Khan,riya.khan742@example.com,Bengaluru,MH,India,549504
743,Diya,Singh,diya.singh743@example.com,Kolkata,TS,India,435235
744,Vivaan,Iyer,vivaan.iyer744@example.com,Bengaluru,GJ,India,655758
745,Aditya,Mehta,aditya.mehta745@example.com,Bengaluru,DL,India,262841
746,Arjun,Reddy,arjun.reddy746@example.com,Pune,DL,India,583918
747,Vihaan,Iyer,vihaan.iyer747@example.com,Delhi,GJ,India,061015
748,Vivaan,Iyer,vivaan.iyer748@example.com,Hyderabad,TS,India,841436
749,Aarav,Khan,aarav.khan749@example.com,Hyderabad,WB,India,153004
750,Diya,Khan,diya.khan750@example.com,Mumbai,TS,India,939668
751,Ishita,Sharma,ishita.sharma751@example.com,Chennai,KA,India,332964
752,Sai,Khan,sai.khan752@example.com,Mumbai,TN,India,972039
753,Riya,Gupta,riya.gupta753@example.com,Ahmedabad,TN,India,422721
754,Vihaan,Sharma,vihaan.sharma754@example.com,Mumbai,WB,India,726806
755,Vivaan,Das,vivaan.das755@example.com,Delhi,WB,India,708163
756,Riya,Singh,riya.singh756@example.com,Pune,TN,India,269888
757,Riya,Patel,riya.patel757@example.com,Delhi,KA,India,647362
758,Ishita,Khan,ishita.khan758@example.com,Kolkata,WB,India,570380
759,Ishita,Verma,ishita.verma759@example.com,Delhi,KA,India,272560
760,Aditya,Gupta,aditya.gupta760@example.com,Pune,TS,India,779340
761,Arjun,Khan,arjun.khan761@example.com,Mumbai,TS,India,491708
762,Sai,Sharma,sai.sharma762@example.com,Hyderabad,TS,India,214355
763,Ananya,Verma,ananya.verma763@example.com,Hyderabad,GJ,India,617258
764,Arjun,Mehta,arjun.mehta764@example.com,Chennai,GJ,India,141564
765,Vivaan,Patel,vivaan.patel765@example.com,Chennai,KA,India,410218
766,Riya,Iyer,riya.iyer766@example.com,Ahmedabad,MH,India,583096
767,Ishita,Mehta,ishita.mehta767@example.com,Mumbai,WB,India,042625
768,Ishita,Singh,ishita.singh768@example.com,Mumbai,GJ,India,864384
769,Ishita,Sharma,ishita.sharma769@example.com,Pune,DL,India,717882
770,Aditya,Sharma,aditya.sharma770@example.com,Ahmedabad,MH,India,148851
771,Diya,Mehta,diya.mehta771@example.com,Bengaluru,MH,India,534520
772,Riya,Reddy,riya.reddy772@example.com,Mumbai,MH,India,385328
773,Riya,Mehta,riya.mehta773@example.com,Pune,TN,India,828235
774,Sai,Patel,sai.patel774@example.com,Ahmedabad,GJ,India,901012
775,Ishita,Das,ishita.das775@example.com,Hyderabad,TS,India,891272
776,Ishita,Reddy,ishita.reddy776@example.com,Chennai,KA,India,713165
777,Arjun,Verma,arjun.verma777@example.com,Kolkata,KA,India,504082
778,Ananya,Khan,ananya.khan778@example.com,Mumbai,KA,India,217940
779,Aditya,Mehta,aditya.mehta779@example.com,Kolkata,TS,India,027570
780,Vivaan,Mehta,vivaan.mehta780@example.com,Hyderabad,GJ,India,130665
781,Vivaan,Iyer,vivaan.iyer781@example.com,Mumbai,DL,India,912766
782,Aarav,Singh,aarav.singh782@example.com,Mumbai,WB,India,935934
783,Vihaan,Khan,vihaan.khan783@example.com,Bengaluru,MH,India,462816
784,Vivaan,Singh,vivaan.singh784@example.com,Hyderabad,KA,India,250379
785,Arjun,Mehta,arjun.mehta785@example.com,Pune,TS,India,210810
786,Aarav,Singh,aarav.singh786@example.com,Chennai,MH,India,503530
787,Sai,Singh,sai.singh787@example.com,Bengaluru,DL,India,631021
788,Riya,Das,riya.das788@example.com,Mumbai,KA,India,146691
789,Arjun,Das,arjun.das789@example.com,Kolkata,GJ,India,607665
790,Diya,Iyer,diya.iyer790@example.com,Chennai,GJ,India,008448
791,Ishita,Sharma,ishita.sharma791@example.com,Mumbai,TS,India,791956
792,Ishita,Iyer,ishita.iyer792@example.com,Delhi,TS,India,468509
793,Aditya,Gupta,aditya.gupta793@example.com,Ahmedabad,DL,India,068932
794,Arjun,Singh,arjun.singh794@example.com,Bengaluru,WB,India,783168
795,Aditya,Reddy,aditya.reddy795@example.com,Mumbai,MH,India,910635
796,Arjun,Khan,arjun.khan796@example.com,Mumbai,TS,India,833731
797,Diya,Iyer,diya.iyer797@example.com,Hyderabad,MH,India,179545
798,Diya,Singh,diya.singh798@example.com,Pune,MH,India,580440
799,Aarav,Das,aarav.das799@example.com,Mumbai,WB,India,636758
800,Ishita,Khan,ishita.khan800@example.com,Delhi,DL,India,269860
801,Arjun,Reddy,arjun.reddy801@example.com,Kolkata,KA,India,535939
802,Ananya,Khan,ananya.khan802@example.com,Delhi,GJ,India,497177
803,Arjun,Iyer,arjun.iyer803@example.com,Bengaluru,TN,India,656051
804,Aarav,Gupta,aarav.gupta804@example.com,Mumbai,WB,India,406835
805,Ishita,Sharma,ishita.sharma805@example.com,Hyderabad,DL,India,493283
806,Vihaan,Gupta,vihaan.gupta806@example.com,Kolkata,GJ,India,997155
807,Aarav,Iyer,aarav.iyer807@example.com,Kolkata,DL,India,640349
808,Ananya,Khan,ananya.khan808@example.com,Hyderabad,WB,India,937176
809,Ananya,Khan,ananya.khan809@example.com,Delhi,TS,India,334884
810,Vihaan,Singh,vihaan.singh810@example.com,Hyderabad,MH,India,438660
811,Aarav,Khan,aarav.khan811@example.com,Hyderabad,DL,India,423943
812,Vihaan,Reddy,vihaan.reddy812@example.com,Bengaluru,KA,India,717876
813,Diya,Singh,diya.singh813@example.com,Chennai,WB,India,215747
814,Aarav,Reddy,aarav.reddy814@example.com,Delhi,GJ,India,999099
815,Riya,Singh,riya.singh815@example.com,Mumbai,MH,India,267404
816,Aarav,Reddy,aarav.reddy816@example.com,Mumbai,WB,India,731958
817,Diya,Patel,diya.patel817@example.com,Delhi,MH,India,867699
818,Ananya,Mehta,ananya.mehta818@example.com,Hyderabad,TN,India,265638
819,Aarav,Patel,aarav.patel819@example.com,Pune,WB,India,965270
820,Sai,Iyer,sai.iyer820@example.com,Ahmedabad,TN,India,616385
821,Aditya,Reddy,aditya.reddy821@example.com,Delhi,MH,India,572675
822,Sai,Mehta,sai.mehta822@example.com,Delhi,WB,India,572208
823,Ishita,Mehta,ishita.mehta823@example.com,Hyderabad,MH,India,116365
824,Ishita,Gupta,ishita.gupta824@example.com,Kolkata,WB,India,837828
825,Vihaan,Das,vihaan.das825@example.com,Hyderabad,WB,India,274134
826,Vivaan,Reddy,vivaan.reddy826@example.com,Chennai,WB,India,898903
827,Aarav,Reddy,aarav.reddy827@example.com,Hyderabad,WB,India,514719
828,Ananya,Das,ananya.das828@example.com,Ahmedabad,MH,India,193089
829,Ishita,Iyer,ishita.iyer829@example.com,Kolkata,TS,India,117973
830,Sai,Gupta,sai.gupta830@example.com,Chennai,DL,India,414563
831,Vihaan,Reddy,vihaan.reddy831@example.com,Delhi,DL,India,094367
832,Ishita,Sharma,ishita.sharma832@example.com,Chennai,DL,India,282597
833,Arjun,Das,arjun.das833@example.com,Chennai,MH,India,478068
834,Arjun,Sharma,arjun.sharma834@example.com,Hyderabad,MH,India,709312
835,Aarav,Das,aarav.das835@example.com,Pune,DL,India,217159
836,Sai,Reddy,sai.reddy836@example.com,Hyderabad,MH,India,058977
837,Ananya,Reddy,ananya.reddy837@example.com,Chennai,GJ,India,142622
838,Ishita,Iyer,ishita.iyer838@example.com,Bengaluru,KA,India,248997
839,Riya,Reddy,riya.reddy839@example.com,Bengaluru,GJ,India,706631
840,Sai,Reddy,sai.reddy840@example.com,Mumbai,KA,India,510583
841,Riya,Verma,riya.verma841@example.com,Pune,MH,India,491629
842,Sai,Mehta,sai.mehta842@example.com,Ahmedabad,GJ,India,030419
843,Arjun,Singh,arjun.singh843@example.com,Delhi,TN,India,780780
844,Diya,Gupta,diya.gupta844@example.com,Bengaluru,WB,India,681590
845,Aarav,Khan,aarav.khan845@example.com,Bengaluru,MH,India,459675
846,Arjun,Mehta,arjun.mehta846@example.com,Hyderabad,MH,India,409671
847,Vihaan,Gupta,vihaan.gupta847@example.com,Pune,MH,India,035021
848,Aarav,Khan,aarav.khan848@example.com,Delhi,TN,India,614786
849,Vivaan,Khan,vivaan.khan849@example.com,Hyderabad,WB,India,802671
850,Aarav,Patel,aarav.patel850@example.com,Mumbai,GJ,India,685005
851,Riya,Das,riya.das851@example.com,Kolkata,MH,India,891270
852,Aarav,Sharma,aarav.sharma852@example.com,Delhi,DL,India,756468
853,Aarav,Das,aarav.das853@example.com,Pune,MH,India,726586
854,Vihaan,Iyer,vihaan.iyer854@example.com,Kolkata,TN,India,619983
855,Arjun,Iyer,arjun.iyer855@example.com,Ahmedabad,TN,India,092230
856,Aditya,Sharma,aditya.sharma856@example.com,Ahmedabad,GJ,India,134516
857,Aarav,Verma,aarav.verma857@example.com,Pune,MH,India,845102
858,Aditya,Das,aditya.das858@example.com,Hyderabad,WB,India,659974
859,Sai,Reddy,sai.reddy859@example.com,Kolkata,MH,India,665289
860,Vivaan,Sharma,vivaan.sharma860@example.com,Kolkata,MH,India,886047
861,Diya,Iyer,diya.iyer861@example.com,Delhi,MH,India,779565
862,Vihaan,Das,vihaan.das862@example.com,Pune,TS,India,533769
863,Sai,Gupta,sai.gupta863@example.com,Delhi,TN,India,637270
864,Vihaan,Gupta,vihaan.gupta864@example.com,Bengaluru,GJ,India,212509
865,Vihaan,Reddy,vihaan.reddy865@example.com,Pune,GJ,India,969854
866,Aditya,Reddy,aditya.reddy866@example.com,Ahmedabad,KA,India,664573
867,Aarav,Patel,aarav.patel867@example.com,Pune,TN,India,530834
868,Arjun,Mehta,arjun.mehta868@example.com,Ahmedabad,TN,India,524660
869,Ishita,Sharma,ishita.sharma869@example.com,Pune,KA,India,212522
870,Sai,Gupta,sai.gupta870@example.com,Mumbai,MH,India,546562
871,Aditya,Khan,aditya.khan871@example.com,Hyderabad,MH,India,608906
872,Vivaan,Verma,vivaan.verma872@example.com,Ahmedabad,DL,India,396160
873,Vihaan,Iyer,vihaan.iyer873@example.com,Ahmedabad,MH,India,141325
874,Ananya,Khan,ananya.khan874@example.com,Mumbai,KA,India,638691
875,Diya,Sharma,diya.sharma875@example.com,Bengaluru,TN,India,822541
876,Sai,Sharma,sai.sharma876@example.com,Ahmedabad,TS,India,001446
877,Vihaan,Gupta,vihaan.gupta877@example.com,Mumbai,TN,India,175388
878,Aarav,Mehta,aarav.mehta878@example.com,Kolkata,GJ,India,188467
879,Riya,Mehta,riya.mehta879@example.com,Hyderabad,MH,India,331221
880,Arjun,Patel,arjun.patel880@example.com,Kolkata,DL,India,121549
881,Diya,Patel,diya.patel881@example.com,Delhi,DL,India,039935
882,Vihaan,Reddy,vihaan.reddy882@example.com,Kolkata,MH,India,400791
883,Ishita,Singh,ishita.singh883@example.com,Delhi,MH,India,762213
884,Aditya,Reddy,aditya.reddy884@example.com,Pune,GJ,India,831525
885,Riya,Mehta,riya.mehta885@example.com,Hyderabad,MH,India,311560
886,Diya,Gupta,diya.gupta886@example.com,Ahmedabad,DL,India,345907
887,Aarav,Khan,aarav.khan887@example.com,Ahmedabad,TS,India,034071
888,Diya,Sharma,diya.sharma888@example.com,Delhi,MH,India,636114
889,Diya,Patel,diya.patel889@example.com,Bengaluru,GJ,India,043578
890,Ananya,Khan,ananya.khan890@example.com,Bengaluru,TS,India,605838
891,Ishita,Verma,ishita.verma891@example.com,Ahmedabad,TN,India,934242
892,Ananya,Khan,ananya.khan892@example.com,Ahmedabad,GJ,India,537616
893,Aditya,Iyer,aditya.iyer893@example.com,Chennai,TS,India,027013
894,Riya,Singh,riya.singh894@example.com,Chennai,MH,India,858051
895,Ishita,Iyer,ishita.iyer895@example.com,Pune,TN,India,283892
896,Sai,Iyer,sai.iyer896@example.com,Kolkata,DL,India,440099
897,Sai,Iyer,sai.iyer897@example.com,Mumbai,WB,India,544742
898,Aarav,Khan,aarav.khan898@example.com,Bengaluru,KA,India,278292
899,Riya,Khan,riya.khan899@example.com,Ahmedabad,DL,India,207454
900,Ishita,Singh,ishita.singh900@example.com,Delhi,GJ,India,351646
901,Riya,Verma,riya.verma901@example.com,Mumbai,DL,India,669302
902,Ananya,Singh,ananya.singh902@example.com,Bengaluru,GJ,India,288786
903,Vihaan,Mehta,vihaan.mehta903@example.com,Pune,WB,India,100071
904,Sai,Iyer,sai.iyer904@example.com,Bengaluru,DL,India,596181
905,Aarav,Gupta,aarav.gupta905@example.com,Ahmedabad,KA,India,733332
906,Arjun,Gupta,arjun.gupta906@example.com,Pune,GJ,India,807200
907,Aarav,Verma,aarav.verma907@example.com,Hyderabad,MH,India,366406
908,Sai,Sharma,sai.sharma908@example.com,Mumbai,MH,India,041610
909,Ananya,Patel,ananya.patel909@example.com,Delhi,GJ,India,083009
910,Vihaan,Das,vihaan.das910@example.com,Ahmedabad,TS,India,811086
911,Diya,Singh,diya.singh911@example.com,Pune,TN,India,001841
912,Ananya,Mehta,ananya.mehta912@example.com,Bengaluru,DL,India,097719
913,Ananya,Das,ananya.das913@example.com,Chennai,TS,India,453733
914,Aditya,Verma,aditya.verma914@example.com,Bengaluru,WB,India,644623
915,Vihaan,Patel,vihaan.patel915@example.com,Pune,TS,India,325332
916,Riya,Das,riya.das916@example.com,Ahmedabad,GJ,India,651382
917,Ishita,Das,ishita.das917@example.com,Kolkata,WB,India,927884
918,Ananya,Das,ananya.das918@example.com,Hyderabad,TN,India,298930
919,Riya,Sharma,riya.sharma919@example.com,Mumbai,WB,India,577047
920,Aditya,Gupta,aditya.gupta920@example.com,Ahmedabad,GJ,India,897659
921,Diya,Singh,diya.singh921@example.com,Hyderabad,GJ,India,608444
922,Aditya,Reddy,aditya.reddy922@example.com,Pune,MH,India,295078
923,Ananya,Khan,ananya.khan923@example.com,Chennai,GJ,India,853193
924,Diya,Verma,diya.verma924@example.com,Mumbai,TS,India,392532
925,Aarav,Mehta,aarav.mehta925@example.com,Bengaluru,MH,India,038806
926,Vivaan,Mehta,vivaan.mehta926@example.com,Bengaluru,MH,India,425001
927,Arjun,Khan,arjun.khan927@example.com,Chennai,TN,India,554663
928,Aarav,Patel,aarav.patel928@example.com,Bengaluru,TN,India,915129
929,Ananya,Das,ananya.das929@example.com,Mumbai,KA,India,436402
930,Vivaan,Reddy,vivaan.reddy930@example.com,Pune,DL,India,632349
931,Diya,Mehta,diya.mehta931@example.com,Kolkata,GJ,India,797480
932,Aditya,Gupta,aditya.gupta932@example.com,Delhi,KA,India,859898
933,Ishita,Das,ishita.das933@example.com,Pune,MH,India,896745
934,Riya,Khan,riya.khan934@example.com,Mumbai,MH,India,178889
935,Vihaan,Khan,vihaan.khan935@example.com,Ahmedabad,TN,India,818949
936,Ananya,Gupta,ananya.gupta936@example.com,Hyderabad,WB,India,401919
937,Diya,Gupta,diya.gupta937@example.com,Chennai,MH,India,280572
938,Aditya,Verma,aditya.verma938@example.com,Delhi,DL,India,689030
939,Vivaan,Sharma,vivaan.sharma939@example.com,Kolkata,TN,India,426774
940,Vihaan,Iyer,vihaan.iyer940@example.com,Hyderabad,DL,India,278936
941,Sai,Patel,sai.patel941@example.com,Ahmedabad,WB,India,412450
942,Vivaan,Reddy,vivaan.reddy942@example.com,Hyderabad,DL,India,111713
943,Aarav,Reddy,aarav.reddy943@example.com,Chennai,WB,India,165628
944,Aditya,Iyer,aditya.iyer944@example.com,Pune,GJ,India,158192
945,Ishita,Reddy,ishita.reddy945@example.com,Kolkata,GJ,India,014897
946,Vihaan,Das,vihaan.das946@example.com,Delhi,MH,India,237245
947,Aditya,Khan,aditya.khan947@example.com,Kolkata,GJ,India,773516
948,Aarav,Verma,aarav.verma948@example.com,Kolkata,KA,India,081341
949,Aditya,Reddy,aditya.reddy949@example.com,Pune,GJ,India,834910
950,Aarav,Khan,aarav.khan950@example.com,Delhi,MH,India,878825
951,Riya,Singh,riya.singh951@example.com,Kolkata,MH,India,844296
952,Riya,Khan,riya.khan952@example.com,Pune,TN,India,733016
953,Aditya,Sharma,aditya.sharma953@example.com,Chennai,TS,India,177462
954,Riya,Sharma,riya.sharma954@example.com,Hyderabad,GJ,India,163075
955,Ishita,Verma,ishita.verma955@example.com,Mumbai,WB,India,980755
956,Ishita,Das,ishita.das956@example.com,Pune,TS,India,585948
957,Aditya,Gupta,aditya.gupta957@example.com,Pune,TN,India,399644
958,Riya,Reddy,riya.reddy958@example.com,Bengaluru,MH,India,387482
959,Aarav,Gupta,aarav.gupta959@example.com,Delhi,DL,India,134700
960,Vihaan,Iyer,vihaan.iyer960@example.com,Ahmedabad,KA,India,242019
961,Aditya,Patel,aditya.patel961@example.com,Delhi,GJ,India,861874
962,Vihaan,Verma,vihaan.verma962@example.com,Bengaluru,KA,India,119474
963,Ananya,Iyer,ananya.iyer963@example.com,Ahmedabad,KA,India,344007
964,Ishita,Mehta,ishita.mehta964@example.com,Delhi,GJ,India,235846
965,Vihaan,Patel,vihaan.patel965@example.com,Delhi,TN,India,357486
966,Ananya,Sharma,ananya.sharma966@example.com,Hyderabad,TN,India,511928
967,Ananya,Mehta,ananya.mehta967@example.com,Ahmedabad,TS,India,124733
968,Vivaan,Gupta,vivaan.gupta968@example.com,Chennai,TS,India,037268
969,Ananya,Verma,ananya.verma969@example.com,Hyderabad,KA,India,030716
970,Diya,Iyer,diya.iyer970@example.com,Delhi,TN,India,171955
971,Diya,Singh,diya.singh971@example.com,Chennai,GJ,India,121996
972,Ishita,Reddy,ishita.reddy972@example.com,Chennai,MH,India,108458
973,Aditya,Iyer,aditya.iyer973@example.com,Ahmedabad,MH,India,474828
974,Ishita,Patel,ishita.patel974@example.com,Hyderabad,WB,India,947655
975,Aditya,Singh,aditya.singh975@example.com,Bengaluru,WB,India,285109
976,Arjun,Sharma,arjun.sharma976@example.com,Bengaluru,GJ,India,870538
977,Ishita,Khan,ishita.khan977@example.com,Bengaluru,KA,India,887414
978,Vivaan,Reddy,vivaan.reddy978@example.com,Kolkata,DL,India,744227
979,Ananya,Khan,ananya.khan979@example.com,Chennai,DL,India,214374
980,Arjun,Das,arjun.das980@example.com,Bengaluru,GJ,India,824760
981,Ishita,Gupta,ishita.gupta981@example.com,Hyderabad,TN,India,542325
982,Vihaan,Verma,vihaan.verma982@example.com,Mumbai,TS,India,205964
983,Sai,Sharma,sai.sharma983@example.com,Ahmedabad,KA,India,494704
984,Ananya,Das,ananya.das984@example.com,Ahmedabad,TN,India,021894
985,Vihaan,Singh,vihaan.singh985@example.com,Bengaluru,KA,India,338117
986,Ishita,Reddy,ishita.reddy986@example.com,Mumbai,TS,India,005369
987,Riya,Verma,riya.verma987@example.com,Hyderabad,TS,India,610335
988,Aditya,Khan,aditya.khan988@example.com,Hyderabad,DL,India,964479
989,Riya,Das,riya.das989@example.com,Pune,MH,India,193336
990,Diya,Khan,diya.khan990@example.com,Mumbai,GJ,India,830257
991,Vihaan,Verma,vihaan.verma991@example.com,Ahmedabad,DL,India,220137
992,Diya,Gupta,diya.gupta992@example.com,Mumbai,MH,India,214845
993,Aditya,Sharma,aditya.sharma993@example.com,Pune,TN,India,410065
994,Arjun,Gupta,arjun.gupta994@example.com,Pune,GJ,India,322861
995,Ishita,Iyer,ishita.iyer995@example.com,Bengaluru,DL,India,376883
996,Sai,Khan,sai.khan996@example.com,Chennai,WB,India,948770
997,Riya,Das,riya.das997@example.com,Mumbai,GJ,India,871627
998,Arjun,Mehta,arjun.mehta998@example.com,Ahmedabad,TN,India,499984
999,Arjun,Iyer,arjun.iyer999@example.com,Delhi,MH,India,319981
1000,Arjun,Singh,arjun.singh1000@example.com,Pune,KA,India,341631
